1. Adams, Steven www.nba.com/players/steven/adams/203500
2. Adebayo, Bam www.nba.com/players/bam/adebayo/1628389
3. Adel, Deng www.nba.com/players/deng/adel/1629061
4. Aldridge, LaMarcus www.nba.com/players/lamarcus/aldridge/200746
5. Alexander-Walker, Nickeil www.nba.com/players/nickeil/alexander-walker/1629638
6. Alexander, Kyle www.nba.com/players/kyle/alexander/1629734
7. Allen, Grayson www.nba.com/players/grayson/allen/1628960
8. Allen, Jarrett www.nba.com/players/jarrett/allen/1628386
9. Allen, Kadeem www.nba.com/players/kadeem/allen/1628443
10. Aminu, Al-Farouq www.nba.com/players/al-farouq/aminu/202329
11. Anderson, Kyle www.nba.com/players/kyle/anderson/203937
12. Antetokounmpo, Giannis www.nba.com/players/giannis/antetokounmpo/203507
13. Antetokounmpo, Kostas www.nba.com/players/kostas/antetokounmpo/1628961
14. Antetokounmpo, Thanasis www.nba.com/players/thanasis/antetokounmpo/203648
15. Anunoby, OG www.nba.com/players/og/anunoby/1628384
16. Arcidiacono, Ryan www.nba.com/players/ryan/arcidiacono/1627853
17. Ariza, Trevor www.nba.com/players/trevor/ariza/2772
18. Augustin, D.J. www.nba.com/players/d.j./augustin/201571
19. Ayton, Deandre www.nba.com/players/deandre/ayton/1629028
20. Bacon, Dwayne www.nba.com/players/dwayne/bacon/1628407
21. Bagley III, Marvin www.nba.com/players/marvin/bagley_iii/1628963
22. Ball, Lonzo www.nba.com/players/lonzo/ball/1628366
23. Bamba, Mo www.nba.com/players/mo/bamba/1628964
24. Barnes, Harrison www.nba.com/players/harrison/barnes/203084
25. Barrett, RJ www.nba.com/players/rj/barrett/1629628
26. Barton, Will www.nba.com/players/will/barton/203115
27. Bates-Diop, Keita www.nba.com/players/keita/bates-diop/1628966
28. Batum, Nicolas www.nba.com/players/nicolas/batum/201587
29. Baynes, Aron www.nba.com/players/aron/baynes/203382
30. Bazemore, Kent www.nba.com/players/kent/bazemore/203145
31. Bazley, Darius www.nba.com/players/darius/bazley/1629647
32. Beal, Bradley www.nba.com/players/bradley/beal/203078
33. Beasley, Malik www.nba.com/players/malik/beasley/1627736
34. Belinelli, Marco www.nba.com/players/marco/belinelli/201158
35. Bell, Jordan www.nba.com/players/jordan/bell/1628395
36. Bembry, DeAndre' www.nba.com/players/deandre'/bembry/1627761
37. Bender, Dragan www.nba.com/players/dragan/bender/1627733
38. Bennett, Anthony www.nba.com/players/anthony/bennett/203461
39. Bertans, Davis www.nba.com/players/davis/bertans/202722
40. Beverley, Patrick www.nba.com/players/patrick/beverley/201976
41. Birch, Khem www.nba.com/players/khem/birch/203920
42. Bitadze, Goga www.nba.com/players/goga/bitadze/1629048
43. Biyombo, Bismack www.nba.com/players/bismack/biyombo/202687
44. Bjelica, Nemanja www.nba.com/players/nemanja/bjelica/202357
45. Blakeney, Antonio www.nba.com/players/antonio/blakeney/1628469
46. Bledsoe, Eric www.nba.com/players/eric/bledsoe/202339
47. Bogdanovic, Bogdan www.nba.com/players/bogdan/bogdanovic/203992
48. Bogdanovic, Bojan www.nba.com/players/bojan/bogdanovic/202711
49. Bol, Bol www.nba.com/players/bol/bol/1629626
50. Bolden, Jonah www.nba.com/players/jonah/bolden/1628413
51. Bone, Jordan www.nba.com/players/jordan/bone/1629648
52. Bonga, Isaac www.nba.com/players/isaac/bonga/1629067
53. Booker, Devin www.nba.com/players/devin/booker/1626164
54. Boucher, Chris www.nba.com/players/chris/boucher/1628449
55. Bowen II, Brian www.nba.com/players/brian/bowen_ii/1628968
56. Bowman, Ky www.nba.com/players/ky/bowman/1629065
57. Bradley, Avery www.nba.com/players/avery/bradley/202340
58. Bradley, Tony www.nba.com/players/tony/bradley/1628396
59. Brantley, Jarrell www.nba.com/players/jarrell/brantley/1629714
60. Brazdeikis, Ignas www.nba.com/players/ignas/brazdeikis/1629649
61. Bridges, Mikal www.nba.com/players/mikal/bridges/1628969
62. Bridges, Miles www.nba.com/players/miles/bridges/1628970
63. Brimah, Amida www.nba.com/players/amida/brimah/1628578
64. Brissett, Oshae www.nba.com/players/oshae/brissett/1629052
65. Broekhoff, Ryan www.nba.com/players/ryan/broekhoff/1629151
66. Brogdon, Malcolm www.nba.com/players/malcolm/brogdon/1627763
67. Brooks, Dillon www.nba.com/players/dillon/brooks/1628415
68. Brown Jr., Troy www.nba.com/players/troy/brown_jr./1628972
69. Brown, Bruce www.nba.com/players/bruce/brown/1628971
70. Brown, Charles www.nba.com/players/charles/brown/1629718
71. Brown, Jaylen www.nba.com/players/jaylen/brown/1627759
72. Brown, Sterling www.nba.com/players/sterling/brown/1628425
73. Brunson, Jalen www.nba.com/players/jalen/brunson/1628973
74. Bryant, Thomas www.nba.com/players/thomas/bryant/1628418
75. Bullock, Reggie www.nba.com/players/reggie/bullock/203493
76. Burke, Trey www.nba.com/players/trey/burke/203504
77. Burks, Alec www.nba.com/players/alec/burks/202692
78. Burton, Deonte www.nba.com/players/deonte/burton/1629126
79. Butler, Jimmy www.nba.com/players/jimmy/butler/202710
80. Caboclo, Bruno www.nba.com/players/bruno/caboclo/203998
81. Cacok, Devontae www.nba.com/players/devontae/cacok/1629719
82. Caldwell-Pope, Kentavious www.nba.com/players/kentavious/caldwell-pope/203484
83. Cancar, Vlatko www.nba.com/players/vlatko/cancar/1628427
84. Capela, Clint www.nba.com/players/clint/capela/203991
85. Caroline, Jordan www.nba.com/players/jordan/caroline/1629696
86. Carroll, DeMarre www.nba.com/players/demarre/carroll/201960
87. Carter Jr., Wendell www.nba.com/players/wendell/carter_jr./1628976
88. Carter-Williams, Michael www.nba.com/players/michael/carter-williams/203487
89. Carter, Jevon www.nba.com/players/jevon/carter/1628975
90. Caruso, Alex www.nba.com/players/alex/caruso/1627936
91. Cauley-Stein, Willie www.nba.com/players/willie/cauley-stein/1626161
92. Chandler, Tyson www.nba.com/players/tyson/chandler/2199
93. Chandler, Wilson www.nba.com/players/wilson/chandler/201163
94. Chealey, Joe www.nba.com/players/joe/chealey/1629147
95. Cheatham, Zylan www.nba.com/players/zylan/cheatham/1629597
96. Clarke, Brandon www.nba.com/players/brandon/clarke/1629634
97. Clark, Gary www.nba.com/players/gary/clark/1629109
98. Clarkson, Jordan www.nba.com/players/jordan/clarkson/203903
99. Claxton, Nicolas www.nba.com/players/nicolas/claxton/1629651
100. Clemons, Chris www.nba.com/players/chris/clemons/1629598
101. Cleveland, Antonius www.nba.com/players/antonius/cleveland/1628499
102. Coffey, Amir www.nba.com/players/amir/coffey/1629599
103. Collins, John www.nba.com/players/john/collins/1628381
104. Collins, Zach www.nba.com/players/zach/collins/1628380
105. Conley, Mike www.nba.com/players/mike/conley/201144
106. Connaughton, Pat www.nba.com/players/pat/connaughton/1626192
107. Cook, Quinn www.nba.com/players/quinn/cook/1626188
108. Cook, Tyler www.nba.com/players/tyler/cook/1629076
109. Cousins, DeMarcus www.nba.com/players/demarcus/cousins/202326
110. Covington, Robert www.nba.com/players/robert/covington/203496
111. Crabbe, Allen www.nba.com/players/allen/crabbe/203459
112. Craig, Torrey www.nba.com/players/torrey/craig/1628470
113. Crowder, Jae www.nba.com/players/jae/crowder/203109
114. Culver, Jarrett www.nba.com/players/jarrett/culver/1629633
115. Curry, Seth www.nba.com/players/seth/curry/203552
116. Curry, Stephen www.nba.com/players/stephen/curry/201939
117. Daniels, Troy www.nba.com/players/troy/daniels/203584
118. Davis, Anthony www.nba.com/players/anthony/davis/203076
119. Davis, Ed www.nba.com/players/ed/davis/202334
120. Davis, Terence www.nba.com/players/terence/davis/1629056
121. Dedmon, Dewayne www.nba.com/players/dewayne/dedmon/203473
122. Dellavedova, Matthew www.nba.com/players/matthew/dellavedova/203521
123. DeRozan, DeMar www.nba.com/players/demar/derozan/201942
124. Derrickson, Marcus www.nba.com/players/marcus/derrickson/1629094
125. Diallo, Cheick www.nba.com/players/cheick/diallo/1627767
126. Diallo, Hamidou www.nba.com/players/hamidou/diallo/1628977
127. Dieng, Gorgui www.nba.com/players/gorgui/dieng/203476
128. Dinwiddie, Spencer www.nba.com/players/spencer/dinwiddie/203915
129. DiVincenzo, Donte www.nba.com/players/donte/divincenzo/1628978
130. Doncic, Luka www.nba.com/players/luka/doncic/1629029
131. Dort, Luguentz www.nba.com/players/luguentz/dort/1629652
132. Dotson, Damyean www.nba.com/players/damyean/dotson/1628422
133. Doumbouya, Sekou www.nba.com/players/sekou/doumbouya/1629635
134. Dozier, PJ www.nba.com/players/pj/dozier/1628408
135. Dragic, Goran www.nba.com/players/goran/dragic/201609
136. Drummond, Andre www.nba.com/players/andre/drummond/203083
137. Dudley, Jared www.nba.com/players/jared/dudley/201162
138. Dunn, Kris www.nba.com/players/kris/dunn/1627739
139. Durant, Kevin www.nba.com/players/kevin/durant/201142
140. Edwards, Carsen www.nba.com/players/carsen/edwards/1629035
141. Ellenson, Henry www.nba.com/players/henry/ellenson/1627740
142. Ellington, Wayne www.nba.com/players/wayne/ellington/201961
143. Embiid, Joel www.nba.com/players/joel/embiid/203954
144. Ennis III, James www.nba.com/players/james/ennis_iii/203516
145. Eubanks, Drew www.nba.com/players/drew/eubanks/1629234
146. Evans, Jacob www.nba.com/players/jacob/evans/1628980
147. Exum, Dante www.nba.com/players/dante/exum/203957
148. Fall, Tacko www.nba.com/players/tacko/fall/1629605
149. Favors, Derrick www.nba.com/players/derrick/favors/202324
150. Felicio, Cristiano www.nba.com/players/cristiano/felicio/1626245
151. Ferguson, Terrance www.nba.com/players/terrance/ferguson/1628390
152. Fernando, Bruno www.nba.com/players/bruno/fernando/1628981
153. Ferrell, Yogi www.nba.com/players/yogi/ferrell/1627812
154. Finney-Smith, Dorian www.nba.com/players/dorian/finney-smith/1627827
155. Forbes, Bryn www.nba.com/players/bryn/forbes/1627854
156. Fournier, Evan www.nba.com/players/evan/fournier/203095
157. Fox, De'Aaron www.nba.com/players/de'aaron/fox/1628368
158. Franks, Robert www.nba.com/players/robert/franks/1629606
159. Frazier Jr., Melvin www.nba.com/players/melvin/frazier_jr./1628982
160. Frazier, Michael www.nba.com/players/michael/frazier/1626187
161. Frazier, Tim www.nba.com/players/tim/frazier/204025
162. Fultz, Markelle www.nba.com/players/markelle/fultz/1628365
163. Gabriel, Wenyen www.nba.com/players/wenyen/gabriel/1629117
164. Gafford, Daniel www.nba.com/players/daniel/gafford/1629655
165. Gallinari, Danilo www.nba.com/players/danilo/gallinari/201568
166. Galloway, Langston www.nba.com/players/langston/galloway/204038
167. Gant, JaKeenan www.nba.com/players/jakeenan/gant/1629721
168. Garland, Darius www.nba.com/players/darius/garland/1629636
169. Gasol, Marc www.nba.com/players/marc/gasol/201188
170. Gasol, Pau www.nba.com/players/pau/gasol/2200
171. Gay, Rudy www.nba.com/players/rudy/gay/200752
172. George, Paul www.nba.com/players/paul/george/202331
173. Gibson, Taj www.nba.com/players/taj/gibson/201959
174. Giles III, Harry www.nba.com/players/harry/giles_iii/1628385
175. Gilgeous-Alexander, Shai www.nba.com/players/shai/gilgeous-alexander/1628983
176. Gobert, Rudy www.nba.com/players/rudy/gobert/203497
177. Goodwin, Brandon www.nba.com/players/brandon/goodwin/1629164
178. Gordon, Aaron www.nba.com/players/aaron/gordon/203932
179. Gordon, Eric www.nba.com/players/eric/gordon/201569
180. Graham, Devonte' www.nba.com/players/devonte'/graham/1628984
181. Graham, Treveon www.nba.com/players/treveon/graham/1626203
182. Grant, Jerami www.nba.com/players/jerami/grant/203924
183. Gravett, Hassani www.nba.com/players/hassani/gravett/1629755
184. Gray, Josh www.nba.com/players/josh/gray/1627982
185. Green, Danny www.nba.com/players/danny/green/201980
186. Green, Draymond www.nba.com/players/draymond/green/203110
187. Green, Gerald www.nba.com/players/gerald/green/101123
188. Green, JaMychal www.nba.com/players/jamychal/green/203210
189. Green, Javonte www.nba.com/players/javonte/green/1629750
190. Green, Jeff www.nba.com/players/jeff/green/201145
191. Griffin, Blake www.nba.com/players/blake/griffin/201933
192. Guduric, Marko www.nba.com/players/marko/guduric/1629741
193. Guy, Kyle www.nba.com/players/kyle/guy/1629657
194. Hachimura, Rui www.nba.com/players/rui/hachimura/1629060
195. Hall, Devon www.nba.com/players/devon/hall/1628985
196. Hands, Jaylen www.nba.com/players/jaylen/hands/1628986
197. Hardaway Jr., Tim www.nba.com/players/tim/hardaway_jr./203501
198. Harden, James www.nba.com/players/james/harden/201935
199. Harkless, Maurice www.nba.com/players/maurice/harkless/203090
200. Harrell, Montrezl www.nba.com/players/montrezl/harrell/1626149
201. Harris, Gary www.nba.com/players/gary/harris/203914
202. Harris, Joe www.nba.com/players/joe/harris/203925
203. Harrison, Shaquille www.nba.com/players/shaquille/harrison/1627885
204. Harris, Tobias www.nba.com/players/tobias/harris/202699
205. Hartenstein, Isaiah www.nba.com/players/isaiah/hartenstein/1628392
206. Hart, Josh www.nba.com/players/josh/hart/1628404
207. Haslem, Udonis www.nba.com/players/udonis/haslem/2617
208. Hayes, Jaxson www.nba.com/players/jaxson/hayes/1629637
209. Hayward, Gordon www.nba.com/players/gordon/hayward/202330
210. Henson, John www.nba.com/players/john/henson/203089
211. Hernandez, Dewan www.nba.com/players/dewan/hernandez/1629608
212. Hernangomez, Juancho www.nba.com/players/juancho/hernangomez/1627823
213. Hernangomez, Willy www.nba.com/players/willy/hernangomez/1626195
214. Herro, Tyler www.nba.com/players/tyler/herro/1629639
215. Hezonja, Mario www.nba.com/players/mario/hezonja/1626209
216. Hield, Buddy www.nba.com/players/buddy/hield/1627741
217. Hill, Ahmed www.nba.com/players/ahmed/hill/1629759
218. Hill, George www.nba.com/players/george/hill/201588
219. Hill, Solomon www.nba.com/players/solomon/hill/203524
220. Hoard, Jaylen www.nba.com/players/jaylen/hoard/1629658
221. Holiday, Aaron www.nba.com/players/aaron/holiday/1628988
222. Holiday, Jrue www.nba.com/players/jrue/holiday/201950
223. Holiday, Justin www.nba.com/players/justin/holiday/203200
224. Hollis-Jefferson, Rondae www.nba.com/players/rondae/hollis-jefferson/1626178
225. Holmes, Richaun www.nba.com/players/richaun/holmes/1626158
226. Hood, Rodney www.nba.com/players/rodney/hood/203918
227. Horford, Al www.nba.com/players/al/horford/201143
228. Horton-Tucker, Talen www.nba.com/players/talen/horton-tucker/1629659
229. House Jr., Danuel www.nba.com/players/danuel/house_jr./1627863
230. Howard, Dwight www.nba.com/players/dwight/howard/2730
231. Howard, William www.nba.com/players/william/howard/1629739
232. Huerter, Kevin www.nba.com/players/kevin/huerter/1628989
233. Hunter, De'Andre www.nba.com/players/de'andre/hunter/1629631
234. Hutchison, Chandler www.nba.com/players/chandler/hutchison/1628990
235. Ibaka, Serge www.nba.com/players/serge/ibaka/201586
236. Iguodala, Andre www.nba.com/players/andre/iguodala/2738
237. Ilyasova, Ersan www.nba.com/players/ersan/ilyasova/101141
238. Ingles, Joe www.nba.com/players/joe/ingles/204060
239. Ingram, Brandon www.nba.com/players/brandon/ingram/1627742
240. Irving, Kyrie www.nba.com/players/kyrie/irving/202681
241. Isaac, Jonathan www.nba.com/players/jonathan/isaac/1628371
242. Iwundu, Wes www.nba.com/players/wes/iwundu/1628411
243. Jackson Jr., Jaren www.nba.com/players/jaren/jackson_jr./1628991
244. Jackson, Demetrius www.nba.com/players/demetrius/jackson/1627743
245. Jackson, Frank www.nba.com/players/frank/jackson/1628402
246. Jackson, Josh www.nba.com/players/josh/jackson/1628367
247. Jackson, Justin www.nba.com/players/justin/jackson/1628382
248. Jackson, Reggie www.nba.com/players/reggie/jackson/202704
249. James, Justin www.nba.com/players/justin/james/1629713
250. James, LeBron www.nba.com/players/lebron/james/2544
251. Jefferson, Amile www.nba.com/players/amile/jefferson/1628518
252. Jeffries, DaQuan www.nba.com/players/daquan/jeffries/1629610
253. Jerome, Ty www.nba.com/players/ty/jerome/1629660
254. Johnson, Alize www.nba.com/players/alize/johnson/1628993
255. Johnson, Cameron www.nba.com/players/cameron/johnson/1629661
256. Johnson, James www.nba.com/players/james/johnson/201949
257. Johnson, Keldon www.nba.com/players/keldon/johnson/1629640
258. Johnson, Stanley www.nba.com/players/stanley/johnson/1626169
259. Johnson, Tyler www.nba.com/players/tyler/johnson/204020
260. Jokic, Nikola www.nba.com/players/nikola/jokic/203999
261. Jones Jr., Derrick www.nba.com/players/derrick/jones_jr./1627884
262. Jones, Damian www.nba.com/players/damian/jones/1627745
263. Jones, Jemerrio www.nba.com/players/jemerrio/jones/1629203
264. Jones, Tyus www.nba.com/players/tyus/jones/1626145
265. Jordan, DeAndre www.nba.com/players/deandre/jordan/201599
266. Joseph, Cory www.nba.com/players/cory/joseph/202709
267. Kabengele, Mfiondu www.nba.com/players/mfiondu/kabengele/1629662
268. Kaminsky, Frank www.nba.com/players/frank/kaminsky/1626163
269. Kanter, Enes www.nba.com/players/enes/kanter/202683
270. Kennard, Luke www.nba.com/players/luke/kennard/1628379
271. Kidd-Gilchrist, Michael www.nba.com/players/michael/kidd-gilchrist/203077
272. Kidd, Stanton www.nba.com/players/stanton/kidd/1629742
273. Kleber, Maxi www.nba.com/players/maxi/kleber/1628467
274. Knight, Brandon www.nba.com/players/brandon/knight/202688
275. Knox, Kevin www.nba.com/players/kevin/knox/1628995
276. Konate, Sagaba www.nba.com/players/sagaba/konate/1628996
277. Konchar, John www.nba.com/players/john/konchar/1629723
278. Korkmaz, Furkan www.nba.com/players/furkan/korkmaz/1627788
279. Kornet, Luke www.nba.com/players/luke/kornet/1628436
280. Korver, Kyle www.nba.com/players/kyle/korver/2594
281. Kurucs, Rodions www.nba.com/players/rodions/kurucs/1629066
282. Kuzma, Kyle www.nba.com/players/kyle/kuzma/1628398
283. Labissiere, Skal www.nba.com/players/skal/labissiere/1627746
284. Lamb, Jeremy www.nba.com/players/jeremy/lamb/203087
285. Langford, Romeo www.nba.com/players/romeo/langford/1629641
286. LaVine, Zach www.nba.com/players/zach/lavine/203897
287. Law, Vic www.nba.com/players/vic/law/1629724
288. Layman, Jake www.nba.com/players/jake/layman/1627774
289. Leaf, TJ www.nba.com/players/tj/leaf/1628388
290. Lecque, Jalen www.nba.com/players/jalen/lecque/1629665
291. Lee, Courtney www.nba.com/players/courtney/lee/201584
292. Lee, Damion www.nba.com/players/damion/lee/1627814
293. Len, Alex www.nba.com/players/alex/len/203458
294. Leonard, Kawhi www.nba.com/players/kawhi/leonard/202695
295. Leonard, Meyers www.nba.com/players/meyers/leonard/203086
296. Lessort, Mathias www.nba.com/players/mathias/lessort/1628406
297. LeVert, Caris www.nba.com/players/caris/levert/1627747
298. Lillard, Damian www.nba.com/players/damian/lillard/203081
299. Little, Nassir www.nba.com/players/nassir/little/1629642
300. Looney, Kevon www.nba.com/players/kevon/looney/1626172
301. Lopez, Brook www.nba.com/players/brook/lopez/201572
302. Lopez, Robin www.nba.com/players/robin/lopez/201577
303. Love, Kevin www.nba.com/players/kevin/love/201567
304. Lowry, Kyle www.nba.com/players/kyle/lowry/200768
305. Loyd, Jordan www.nba.com/players/jordan/loyd/1628070
306. Luwawu-Cabarrot, Timothe www.nba.com/players/timothe/luwawu-cabarrot/1627789
307. Lydon, Tyler www.nba.com/players/tyler/lydon/1628399
308. Lyles, Trey www.nba.com/players/trey/lyles/1626168
309. Magette, Josh www.nba.com/players/josh/magette/203705
310. Mahinmi, Ian www.nba.com/players/ian/mahinmi/101133
311. Maker, Thon www.nba.com/players/thon/maker/1627748
312. Mann, Terance www.nba.com/players/terance/mann/1629611
313. Marinkovic, Vanja www.nba.com/players/vanja/marinkovic/1629079
314. Marjanovic, Boban www.nba.com/players/boban/marjanovic/1626246
315. Markkanen, Lauri www.nba.com/players/lauri/markkanen/1628374
316. Martin, Caleb www.nba.com/players/caleb/martin/1628997
317. Martin, Cody www.nba.com/players/cody/martin/1628998
318. Martin, Jeremiah www.nba.com/players/jeremiah/martin/1629725
319. Martin, Kelan www.nba.com/players/kelan/martin/1629103
320. Mason, Frank www.nba.com/players/frank/mason/1628412
321. Mathews, Garrison www.nba.com/players/garrison/mathews/1629726
322. Mathias, Dakota www.nba.com/players/dakota/mathias/1629751
323. Matthews, Wesley www.nba.com/players/wesley/matthews/202083
324. McCaw, Patrick www.nba.com/players/patrick/mccaw/1627775
325. McCollum, CJ www.nba.com/players/cj/mccollum/203468
326. McConnell, T.J. www.nba.com/players/t.j./mcconnell/204456
327. McDaniels, Jalen www.nba.com/players/jalen/mcdaniels/1629667
328. McDermott, Doug www.nba.com/players/doug/mcdermott/203926
329. McDowell-White, William www.nba.com/players/william/mcdowell-white/1629727
330. McGee, JaVale www.nba.com/players/javale/mcgee/201580
331. McGruder, Rodney www.nba.com/players/rodney/mcgruder/203585
332. McKinnie, Alfonzo www.nba.com/players/alfonzo/mckinnie/1628035
333. McLaughlin, Jordan www.nba.com/players/jordan/mclaughlin/1629162
334. McLemore, Ben www.nba.com/players/ben/mclemore/203463
335. McRae, Jordan www.nba.com/players/jordan/mcrae/203895
336. Melli, Nicolo www.nba.com/players/nicolo/melli/6006
337. Melton, De'Anthony www.nba.com/players/de'anthony/melton/1629001
338. Metu, Chimezie www.nba.com/players/chimezie/metu/1629002
339. Middleton, Khris www.nba.com/players/khris/middleton/203114
340. Miles, CJ www.nba.com/players/cj/miles/101139
341. Miles, Isaiah www.nba.com/players/isaiah/miles/1627776
342. Miller, Darius www.nba.com/players/darius/miller/203121
343. Miller, Malcolm www.nba.com/players/malcolm/miller/1626259
344. Millsap, Paul www.nba.com/players/paul/millsap/200794
345. Mills, Patty www.nba.com/players/patty/mills/201988
346. Milton, Shake www.nba.com/players/shake/milton/1629003
347. Mitchell, Donovan www.nba.com/players/donovan/mitchell/1628378
348. Mitrou-Long, Naz www.nba.com/players/naz/mitrou-long/1628513
349. Mokoka, Adam www.nba.com/players/adam/mokoka/1629690
350. Monk, Malik www.nba.com/players/malik/monk/1628370
351. Moore, E'Twaun www.nba.com/players/e'twaun/moore/202734
352. Morant, Ja www.nba.com/players/ja/morant/1629630
353. Morris, Marcus www.nba.com/players/marcus/morris/202694
354. Morris, Markieff www.nba.com/players/markieff/morris/202693
355. Morris, Monte www.nba.com/players/monte/morris/1628420
356. Motley, Johnathan www.nba.com/players/johnathan/motley/1628405
357. Mudiay, Emmanuel www.nba.com/players/emmanuel/mudiay/1626144
358. Murray, Dejounte www.nba.com/players/dejounte/murray/1627749
359. Murray, Jamal www.nba.com/players/jamal/murray/1627750
360. Musa, Dzanan www.nba.com/players/dzanan/musa/1629058
361. Muscala, Mike www.nba.com/players/mike/muscala/203488
362. Mykhailiuk, Svi www.nba.com/players/svi/mykhailiuk/1629004
363. Nader, Abdel www.nba.com/players/abdel/nader/1627846
364. Nance Jr., Larry www.nba.com/players/larry/nance_jr./1626204
365. Napier, Shabazz www.nba.com/players/shabazz/napier/203894
366. Neto, Raul www.nba.com/players/raul/neto/203526
367. Niang, Georges www.nba.com/players/georges/niang/1627777
368. Noel, Nerlens www.nba.com/players/nerlens/noel/203457
369. Norvell Jr., Zach www.nba.com/players/zach/norvell_jr./1629668
370. Nowell, Jaylen www.nba.com/players/jaylen/nowell/1629669
371. Ntilikina, Frank www.nba.com/players/frank/ntilikina/1628373
372. Nunn, Kendrick www.nba.com/players/kendrick/nunn/1629134
373. Nurkic, Jusuf www.nba.com/players/jusuf/nurkic/203994
374. Nwaba, David www.nba.com/players/david/nwaba/1628021
375. O'Neale, Royce www.nba.com/players/royce/o'neale/1626220
376. O'Quinn, Kyle www.nba.com/players/kyle/o'quinn/203124
377. Ojeleye, Semi www.nba.com/players/semi/ojeleye/1628400
378. Okafor, Jahlil www.nba.com/players/jahlil/okafor/1626143
379. Okeke, Chuma www.nba.com/players/chuma/okeke/1629643
380. Okobo, Elie www.nba.com/players/elie/okobo/1629059
381. Okogie, Josh www.nba.com/players/josh/okogie/1629006
382. Okpala, KZ www.nba.com/players/kz/okpala/1629644
383. Oladipo, Victor www.nba.com/players/victor/oladipo/203506
384. Olynyk, Kelly www.nba.com/players/kelly/olynyk/203482
385. Oni, Miye www.nba.com/players/miye/oni/1629671
386. Osman, Cedi www.nba.com/players/cedi/osman/1626224
387. Oubre Jr., Kelly www.nba.com/players/kelly/oubre_jr./1626162
388. Parker, Jabari www.nba.com/players/jabari/parker/203953
389. Parsons, Chandler www.nba.com/players/chandler/parsons/202718
390. Paschall, Eric www.nba.com/players/eric/paschall/1629672
391. Patterson, Patrick www.nba.com/players/patrick/patterson/202335
392. Patton, Justin www.nba.com/players/justin/patton/1628383
393. Paul, Chris www.nba.com/players/chris/paul/101108
394. Payne, Cameron www.nba.com/players/cameron/payne/1626166
395. Payton, Elfrid www.nba.com/players/elfrid/payton/203901
396. Pelle, Norvel www.nba.com/players/norvel/pelle/203658
397. Perkins, Josh www.nba.com/players/josh/perkins/1629616
398. Phillip, Tarik www.nba.com/players/tarik/phillip/1629341
399. Pineiro, Isaiah www.nba.com/players/isaiah/pineiro/1629753
400. Pinson, Theo www.nba.com/players/theo/pinson/1629033
401. Plumlee, Mason www.nba.com/players/mason/plumlee/203486
402. Plumlee, Miles www.nba.com/players/miles/plumlee/203101
403. Poeltl, Jakob www.nba.com/players/jakob/poeltl/1627751
404. Poirier, Vincent www.nba.com/players/vincent/poirier/1629738
405. Pondexter, Quincy www.nba.com/players/quincy/pondexter/202347
406. Ponds, Shamorie www.nba.com/players/shamorie/ponds/1629044
407. Poole, Jordan www.nba.com/players/jordan/poole/1629673
408. Porter Jr., Kevin www.nba.com/players/kevin/porter_jr./1629645
409. Porter Jr., Michael www.nba.com/players/michael/porter_jr./1629008
410. Porter Jr., Otto www.nba.com/players/otto/porter_jr./203490
411. Portis, Bobby www.nba.com/players/bobby/portis/1626171
412. Porzingis, Kristaps www.nba.com/players/kristaps/porzingis/204001
413. Powell, Dwight www.nba.com/players/dwight/powell/203939
414. Powell, Norman www.nba.com/players/norman/powell/1626181
415. Prince, Taurean www.nba.com/players/taurean/prince/1627752
416. Rabb, Ivan www.nba.com/players/ivan/rabb/1628397
417. Randle, Julius www.nba.com/players/julius/randle/203944
418. Reaves, Josh www.nba.com/players/josh/reaves/1629729
419. Reddish, Cameron www.nba.com/players/cameron/reddish/1629629
420. Redick, JJ www.nba.com/players/jj/redick/200755
421. Reed, Davon www.nba.com/players/davon/reed/1628432
422. Reynolds, Cameron www.nba.com/players/cameron/reynolds/1629244
423. Richardson, Josh www.nba.com/players/josh/richardson/1626196
424. Rivers, Austin www.nba.com/players/austin/rivers/203085
425. Roberson, Andre www.nba.com/players/andre/roberson/203460
426. Robinson III, Glenn www.nba.com/players/glenn/robinson_iii/203922
427. Robinson, Devin www.nba.com/players/devin/robinson/1628421
428. Robinson, Duncan www.nba.com/players/duncan/robinson/1629130
429. Robinson, Jerome www.nba.com/players/jerome/robinson/1629010
430. Robinson, Justin www.nba.com/players/justin/robinson/1629620
431. Robinson, Mitchell www.nba.com/players/mitchell/robinson/1629011
432. Roby, Isaiah www.nba.com/players/isaiah/roby/1629676
433. Rondo, Rajon www.nba.com/players/rajon/rondo/200765
434. Rose, Derrick www.nba.com/players/derrick/rose/201565
435. Ross, Terrence www.nba.com/players/terrence/ross/203082
436. Rozier, Terry www.nba.com/players/terry/rozier/1626179
437. Rubio, Ricky www.nba.com/players/ricky/rubio/201937
438. Russell, D'Angelo www.nba.com/players/d'angelo/russell/1626156
439. Sabonis, Domantas www.nba.com/players/domantas/sabonis/1627734
440. Samanic, Luka www.nba.com/players/luka/samanic/1629677
441. Sampson, Brandon www.nba.com/players/brandon/sampson/1629102
442. Sampson, JaKarr www.nba.com/players/jakarr/sampson/203960
443. Saric, Dario www.nba.com/players/dario/saric/203967
444. Satoransky, Tomas www.nba.com/players/tomas/satoransky/203107
445. Schofield, Admiral www.nba.com/players/admiral/schofield/1629678
446. Schroder, Dennis www.nba.com/players/dennis/schroder/203471
447. Scott, Mike www.nba.com/players/mike/scott/203118
448. Sexton, Collin www.nba.com/players/collin/sexton/1629012
449. Shamet, Landry www.nba.com/players/landry/shamet/1629013
450. Shayok, Marial www.nba.com/players/marial/shayok/1629621
451. Siakam, Pascal www.nba.com/players/pascal/siakam/1627783
452. Silva, Chris www.nba.com/players/chris/silva/1629735
453. Simmons, Ben www.nba.com/players/ben/simmons/1627732
454. Simons, Anfernee www.nba.com/players/anfernee/simons/1629014
455. Sirvydis, Deividas www.nba.com/players/deividas/sirvydis/1629686
456. Smailagic, Alen www.nba.com/players/alen/smailagic/1629346
457. Smart, Marcus www.nba.com/players/marcus/smart/203935
458. Smith Jr., Dennis www.nba.com/players/dennis/smith_jr./1628372
459. Smith, Ish www.nba.com/players/ish/smith/202397
460. Smith, Zhaire www.nba.com/players/zhaire/smith/1629015
461. Snell, Tony www.nba.com/players/tony/snell/203503
462. Spalding, Ray www.nba.com/players/ray/spalding/1629034
463. Spellman, Omari www.nba.com/players/omari/spellman/1629016
464. Strus, Max www.nba.com/players/max/strus/1629622
465. Sumner, Edmond www.nba.com/players/edmond/sumner/1628410
466. Swanigan, Caleb www.nba.com/players/caleb/swanigan/1628403
467. Tatum, Jayson www.nba.com/players/jayson/tatum/1628369
468. Teague, Jeff www.nba.com/players/jeff/teague/201952
469. Temple, Garrett www.nba.com/players/garrett/temple/202066
470. Theis, Daniel www.nba.com/players/daniel/theis/1628464
471. Thomas, Isaiah www.nba.com/players/isaiah/thomas/202738
472. Thomas, Khyri www.nba.com/players/khyri/thomas/1629017
473. Thomas, Matt www.nba.com/players/matt/thomas/1629744
474. Thompson, Klay www.nba.com/players/klay/thompson/202691
475. Thompson, Tristan www.nba.com/players/tristan/thompson/202684
476. Thybulle, Matisse www.nba.com/players/matisse/thybulle/1629680
477. Tolliver, Anthony www.nba.com/players/anthony/tolliver/201229
478. Towns, Karl-Anthony www.nba.com/players/karl-anthony/towns/1626157
479. Trent Jr., Gary www.nba.com/players/gary/trent_jr./1629018
480. Trier, Allonzo www.nba.com/players/allonzo/trier/1629019
481. Tucker, PJ www.nba.com/players/pj/tucker/200782
482. Turner, Evan www.nba.com/players/evan/turner/202323
483. Turner, Myles www.nba.com/players/myles/turner/1626167
484. Valanciunas, Jonas www.nba.com/players/jonas/valanciunas/202685
485. Valentine, Denzel www.nba.com/players/denzel/valentine/1627756
486. Vanderbilt, Jarred www.nba.com/players/jarred/vanderbilt/1629020
487. VanVleet, Fred www.nba.com/players/fred/vanvleet/1627832
488. Vonleh, Noah www.nba.com/players/noah/vonleh/203943
489. Vucevic, Nikola www.nba.com/players/nikola/vucevic/202696
490. Wade, Dean www.nba.com/players/dean/wade/1629731
491. Wagner, Moritz www.nba.com/players/moritz/wagner/1629021
492. Waiters, Dion www.nba.com/players/dion/waiters/203079
493. Walker IV, Lonnie www.nba.com/players/lonnie/walker_iv/1629022
494. Walker, Kemba www.nba.com/players/kemba/walker/202689
495. Wallace, Tyrone www.nba.com/players/tyrone/wallace/1627820
496. Wall, John www.nba.com/players/john/wall/202322
497. Wanamaker, Brad www.nba.com/players/brad/wanamaker/202954
498. Warren, T.J. www.nba.com/players/t.j./warren/203933
499. Washington, P.J. www.nba.com/players/p.j./washington/1629023
500. Watanabe, Yuta www.nba.com/players/yuta/watanabe/1629139
501. Waters, Tremont www.nba.com/players/tremont/waters/1629682
502. Weatherspoon, Quinndary www.nba.com/players/quinndary/weatherspoon/1629683
503. Welsh, Thomas www.nba.com/players/thomas/welsh/1629118
504. Westbrook, Russell www.nba.com/players/russell/westbrook/201566
505. White, Coby www.nba.com/players/coby/white/1629632
506. White, Derrick www.nba.com/players/derrick/white/1628401
507. Whiteside, Hassan www.nba.com/players/hassan/whiteside/202355
508. Wiggins, Andrew www.nba.com/players/andrew/wiggins/203952
509. Wigginton, Lindell www.nba.com/players/lindell/wigginton/1629623
510. Wilcox, CJ www.nba.com/players/cj/wilcox/203912
511. Williams III, Robert www.nba.com/players/robert/williams_iii/1629057
512. Williams-Goss, Nigel www.nba.com/players/nigel/williams-goss/1628430
513. Williams, Grant www.nba.com/players/grant/williams/1629684
514. Williams, Kenrich www.nba.com/players/kenrich/williams/1629026
515. Williams, Lou www.nba.com/players/lou/williams/101150
516. Williams, Marvin www.nba.com/players/marvin/williams/101107
517. Williamson, Zion www.nba.com/players/zion/williamson/1629627
518. Wilson, D.J. www.nba.com/players/d.j./wilson/1628391
519. Windler, Dylan www.nba.com/players/dylan/windler/1629685
520. Winslow, Justise www.nba.com/players/justise/winslow/1626159
521. Wood, Christian www.nba.com/players/christian/wood/1626174
522. Wright-Foreman, Justin www.nba.com/players/justin/wright-foreman/1629625
523. Wright, Delon www.nba.com/players/delon/wright/1626153
524. Young, Thaddeus www.nba.com/players/thaddeus/young/201152
525. Young, Trae www.nba.com/players/trae/young/1629027
526. Zeller, Cody www.nba.com/players/cody/zeller/203469
527. Zizic, Ante www.nba.com/players/ante/zizic/1627790
528. Zubac, Ivica www.nba.com/players/ivica/zubac/1627826
